date,ship,arrival,departure,cruiseline
2026-08-02,Viking Neptune,tbc,tbc,Viking
2026-08-05,AIDAprima,10:00,20:00,AIDA
2026-08-06,MSC Euribia,07:00,18:00,MSC
2026-08-11,Seven Seas Grandeur,08:00,16:30,Regent Seven Seas
2026-08-12,AIDAprima,09:00,19:00,AIDA
2026-08-13,MSC Euribia,07:00,18:00,MSC
2026-08-14,Viking Neptune,tbc,tbc,Viking
2026-08-16,Mein Schiff Relax,06:30,19:00,Tui Cruises
2026-08-18,Viking Mira,tbc,tbc,Viking
2026-08-19,Celebrity Apex,09:00,19:00,Celebrity Cruises
2026-08-20,MSC Euribia,07:00,18:00,MSC
2026-08-21,AIDAprima,09:00,19:00,AIDA
2026-08-23,Explora III,09:00,18:00,Explora Journeys
2026-08-25,AIDAnova,08:00,19:00,AIDA
2026-08-26,Iona,tbc,tbc,P&O Cruises
2026-08-27,MSC Euribia,07:00,18:00,MSC
2026-08-30,Ambition,08:30,19:00,Ambassador Cruise Line
2026-08-31,Costa Favolosa,08:30,17:30,Costa