date,ship,arrival,departure,cruiseline
2026-07-01,SeaDream II,tbc,tbc,SeaDream Yacht Club
2026-07-01,Sky Princess,08:00,16:00,Princess Cruises
2026-07-02,AIDAsol,10:00,20:00,AIDA
2026-07-02,Bolette,tbc,tbc,Fred Olsen Cruise Lines
2026-07-03,MSC Preziosa,08:00,18:00,MSC Cruises
2026-07-05,Aurora,tbc,tbc,P&O Cruises
2026-07-07,Iona,tbc,tbc,P&O Cruises
2026-07-08,Queen Anne,tbc,tbc,Cunard Line
2026-07-08,Rotterdam,09:00,19:00,Holland America Line
2026-07-09,Arcadia,tbc,tbc,P&O Cruises
2026-07-11,SeaDream II,tbc,tbc,SeaDream Yacht Club
2026-07-14,Iona,tbc,tbc,P&O Cruises
2026-07-15,Sky Princess,07:00,16:00,Princess Cruises
2026-07-16,Liberty Of The Seas,07:00,16:00,Royal Caribbean Cruises
2026-07-18,Balmoral,tbc,tbc,Fred Olsen Cruise Lines
2026-07-20,Celebrity Apex,07:00,16:00,Celebrity Cruises
2026-07-21,Iona,tbc,tbc,P&O Cruises
2026-07-21,Silver Dawn,08:00,17:00,Silversea
2026-07-22,Ambition,08:00,18:00,Ambassador Cruise Line
2026-07-23,SeaDream II,tbc,tbc,SeaDream Yacht Club
2026-07-28,Iona,tbc,tbc,P&O Cruises
2026-07-29,Celebrity Eclipse,08:00,18:00,Celebrity Cruises
2026-07-29,Star Legend,10:00,16:00,Windstar Cruises
2026-07-30,Rotterdam,07:00,16:00,Holland America Line
2026-07-31,Silver Dawn,08:00,17:00,Silversea
